,address,price,Bedrooms,Bath,Lot Size,Property Age,Gross Taxes for 2020,city,area,Property Type,Title,Style
2,2781 W 15th Avenue,2470000,4,3,4026,91,7109,Vancouver West,Kitsilano,House,Freehold NonStrata,1 Storey
6,2070 W 14th Avenue,3788000,8,4,6250,98,10423,Vancouver West,Kitsilano,House,Freehold NonStrata,Reverse 2 Storey w/Bsmt
7,2917 W 20th Avenue,4288000,5,5,5129,7,12652,Vancouver West,Arbutus,House,Freehold NonStrata,2 Storey w/Bsmt.
8,2688 W 19th Avenue,3800000,6,6,6240,33,11176,Vancouver West,Arbutus,House,Freehold NonStrata,2 Storey
9,3008 W 21st Avenue,2780000,2,1,4026,79,7278,Vancouver West,Arbutus,House,Freehold NonStrata,1 Storey
10,2848 W 20th Avenue,3380000,5,4,4882,27,9251,Vancouver West,Arbutus,House,Freehold NonStrata,2 Storey w/Bsmt.
11,2181 W 22nd Avenue,5680000,6,7,6100,0,13110,Vancouver West,Arbutus,House,Freehold NonStrata,2 Storey w/Bsmt.
14,4248 Quesnel Drive,5380000,4,5,6469,25,17499,Vancouver West,Arbutus,House,Freehold NonStrata,2 Storey w/Bsmt.
17,2833 W 18th Avenue,1998000,3,2,3046,64,6474,Vancouver West,Arbutus,House,Freehold NonStrata,2 Storey
18,2969 W 22nd Avenue,4350000,5,6,5124,9,6983,Vancouver West,Arbutus,House,Freehold NonStrata,2 Storey w/Bsmt.
19,2557 W King Edward Avenue,2598000,4,2,6220,67,7860,Vancouver West,Arbutus,House,Freehold NonStrata,2 Storey
20,2137 W 20th Avenue,3698000,6,6,6100,28,11588,Vancouver West,Arbutus,House,Freehold NonStrata,2 Storey w/Bsmt.
21,3950 Puget Drive,4650000,5,5,8358,30,12753,Vancouver West,Arbutus,House,Freehold NonStrata,2 Storey w/Bsmt.
22,2772 W 20th Avenue,2788000,4,5,4026,25,8227,Vancouver West,Arbutus,House,Freehold NonStrata,2 Storey w/Bsmt.
23,3231 Vine Street,3350000,4,4,7500,31,9342,Vancouver West,Arbutus,House,Freehold NonStrata,2 Storey
24,2796 W 21st Avenue,2599000,5,3,4880,80,6726,Vancouver West,Arbutus,House,Freehold NonStrata,2 Storey w/Bsmt.
28,1928 Stephens Street,2289000,5,3,3000,110,8616,Vancouver West,Kitsilano,House,Freehold NonStrata,2 Storey w/Bsmt.
33,2385 W 15th Avenue,5568000,6,6,6250,1,14549,Vancouver West,Kitsilano,House,Freehold NonStrata,2 Storey w/Bsmt.
40,1421 Walnut Street,3900000,6,6,3317,108,8001,Vancouver West,Kitsilano,House,Freehold NonStrata,3 Storey
41,3334 W 39th Avenue,4398000,5,6,5075,4,10879,Vancouver West,Dunbar,House,Freehold NonStrata,2 Storey w/Bsmt.
42,4035 W 30th Avenue,4980000,6,4,6890,69,11002,Vancouver West,Dunbar,House,Freehold NonStrata,2 Storey
44,3267 W 21st Avenue,4388000,4,5,3928,0,8096,Vancouver West,Dunbar,House,Freehold NonStrata,2 Storey w/Bsmt.
46,3919 W King Edward Avenue,2748000,2,1,5124,82,8220,Vancouver West,Dunbar,House,Freehold NonStrata,2 Storey w/Bsmt.
47,3965 W 32nd Avenue,4380000,6,5,6435,15,14857,Vancouver West,Dunbar,House,Freehold NonStrata,2 Storey w/Bsmt.
48,3569 W King Edward Avenue,2740000,6,3,5612,90,8054,Vancouver West,Dunbar,House,Freehold NonStrata,2 Storey w/Bsmt.
49,3336 W 35th Avenue,3080000,3,3,6498,57,9500,Vancouver West,Dunbar,House,Freehold NonStrata,Rancher/Bungalow w/Bsmt.
50,3334 W 39th Avenue,4398000,5,6,5075,4,10879,Vancouver West,Dunbar,House,Freehold NonStrata,2 Storey w/Bsmt.
51,3531 W 37th Avenue,3988000,4,2,9300,96,10176,Vancouver West,Dunbar,House,Freehold NonStrata,2 Storey w/Bsmt.
53,3508 W 30th Avenue,3500000,4,2,5330,80,8213,Vancouver West,Dunbar,House,Freehold NonStrata,Rancher/Bungalow
54,3479 W 19th Avenue,3680000,7,4,5363,75,9714,Vancouver West,Dunbar,House,Freehold NonStrata,3 Storey
55,3525 W 29th Avenue,4688000,5,4,6500,33,10277,Vancouver West,Dunbar,House,Freehold NonStrata,2 Storey
56,3635 W 20th Avenue,4388000,5,7,4026,1,8293,Vancouver West,Dunbar,House,Freehold NonStrata,2 Storey w/Bsmt.
57,3691 W 22nd Avenue,4288000,4,6,4026,0,9109,Vancouver West,Dunbar,House,Freehold NonStrata,2 Storey w/Bsmt.
59,3870 W 17th Avenue,2760000,4,2,4137,95,7570,Vancouver West,Dunbar,House,Freehold NonStrata,2 Storey
60,4085 W 29th Avenue,6980000,5,6,6890,4,18069,Vancouver West,Dunbar,House,Freehold NonStrata,2 Storey w/Bsmt.
61,3415 W 24th Avenue,2580000,6,3,4026,79,7328,Vancouver West,Dunbar,House,Freehold NonStrata,2 Storey w/Bsmt.
62,3334 W 39th Avenue,4398000,5,6,5075,4,10879,Vancouver West,Dunbar,House,Freehold NonStrata,2 Storey w/Bsmt.
63,3565 W 37th Avenue,3800000,4,3,9257,96,10752,Vancouver West,Dunbar,House,Freehold NonStrata,2 Storey w/Bsmt.
65,4063 W 36th Avenue,6780000,6,7,6922,1,18543,Vancouver West,Dunbar,House,Freehold NonStrata,2 Storey w/Bsmt.
66,3309 W 19th Avenue,9980000,4,6,8646,5,30528,Vancouver West,Dunbar,House,Freehold NonStrata,2 Storey w/Bsmt.
67,4042 W 27th Avenue,9980000,4,5,6681,0,15704,Vancouver West,Dunbar,House,Freehold NonStrata,2 Storey w/Bsmt.
68,3716-3718 W 16th Avenue,2680000,4,3,3630,92,7375,Vancouver West,Dunbar,House,Freehold NonStrata,2 Storey w/Bsmt.
70,4063 W 30th Avenue,3980000,4,3,6890,69,12261,Vancouver West,Dunbar,House,Freehold NonStrata,Rancher/Bungalow w/Bsmt.
71,3537 W 18th Avenue,3980000,5,5,3665,2,9461,Vancouver West,Dunbar,House,Freehold NonStrata,2 Storey w/Bsmt.
72,3839 W 35th Avenue,5380000,7,6,6553,11,18802,Vancouver West,Dunbar,House,Freehold NonStrata,Reverse 2 Storey w/Bsmt
73,4037 W 18th Avenue,3560000,4,5,4472,9,6854,Vancouver West,Dunbar,House,Freehold NonStrata,Reverse 2 Storey w/Bsmt
74,3556 W 17th Avenue,3538000,5,5,3696,2,8878,Vancouver West,Dunbar,House,Freehold NonStrata,Reverse 2 Storey w/Bsmt
76,3692 W 33rd Avenue,5980000,5,7,7410,5,21583,Vancouver West,Dunbar,House,Freehold NonStrata,2 Storey w/Bsmt.
77,3556 W 23rd Avenue,3780000,4,5,4026,5,10280,Vancouver West,Dunbar,House,Freehold NonStrata,2 Storey w/Bsmt.
78,3556 W 23rd Avenue,3780000,4,5,4026,5,10280,Vancouver West,Dunbar,House,Freehold NonStrata,2 Storey w/Bsmt.
80,3848 W 17th Avenue,3388000,4,5,4092,13,9806,Vancouver West,Dunbar,House,Freehold NonStrata,2 Storey w/Bsmt.
81,3580 W 18th Avenue,2850000,3,3,4026,90,7848,Vancouver West,Dunbar,House,Freehold NonStrata,2 Storey w/Bsmt.
82,4067 W 18th Avenue,3590000,5,5,4533,16,9871,Vancouver West,Dunbar,House,Freehold NonStrata,2 Storey w/Bsmt.
83,3334 W 39th Avenue,4398000,5,6,5075,4,10879,Vancouver West,Dunbar,House,Freehold NonStrata,2 Storey w/Bsmt.
84,3322 W 35th Avenue,3890000,6,5,6498,33,10643,Vancouver West,Dunbar,House,Freehold NonStrata,2 Storey w/Bsmt.
88,460 W 48th Avenue,3899000,4,2,7320,73,9411,Vancouver West,Oakridge,House,Freehold NonStrata,2 Storey
89,750 W 46th Avenue,3880000,7,4,7102,56,9828,Vancouver West,Oakridge,House,Freehold NonStrata,2 Storey
94,160 W 44th Avenue,2888000,3,1,5731,72,8401,Vancouver West,Oakridge,House,Freehold NonStrata,2 Storey
98,6363 Ontario Street,3300000,6,5,5247,24,8256,Vancouver West,Oakridge,House,Freehold NonStrata,"2 Storey w/Bsmt.,Basement Entry"
108,57 W 42nd Avenue,2088000,4,2,4026,66,6844,Vancouver West,Oakridge,House,Freehold NonStrata,Rancher/Bungalow w/Bsmt.
109,460 W 45th Avenue,5000000,11,11,8321,8,17829,Vancouver West,Oakridge,House,Freehold NonStrata,2 Storey w/Bsmt.
110,6069 Fremlin Street,3288000,4,3,7500,59,9955,Vancouver West,Oakridge,House,Freehold NonStrata,3 Storey
111,407 W 43rd Avenue,9800000,4,2,6270,71,9246,Vancouver West,Oakridge,House,Freehold NonStrata,Rancher/Bungalow w/Bsmt.
112,433 W 44th Avenue,5990000,6,5,0,26,13188,Vancouver West,Oakridge,House,Freehold NonStrata,2 Storey w/Bsmt.
116,5564 Elizabeth Street,4500000,3,3,5520,40,10078,Vancouver West,Cambie,House,Freehold NonStrata,2 Storey w/Bsmt.
117,5578 Elizabeth Street,4500000,5,5,5520,5,13845,Vancouver West,Cambie,House,Freehold NonStrata,2 Storey w/Bsmt.
118,875 W 23rd Avenue,2950000,9,6,5124,80,8210,Vancouver West,Cambie,House,Freehold NonStrata,Split Entry
119,173 Peveril Avenue,2689000,4,2,4728,78,8313,Vancouver West,Cambie,House,Freehold NonStrata,2 Storey
125,395 W 20th Avenue,2789000,5,3,4986,90,9272,Vancouver West,Cambie,House,Freehold NonStrata,3 Storey
126,650 W 27th Avenue,3200000,6,3,7063,71,10771,Vancouver West,Cambie,House,Freehold NonStrata,1 Storey
156,6922 Laurel Street,5388000,7,6,8265,7,18172,Vancouver West,South Cambie,House,Freehold NonStrata,2 Storey w/Bsmt.
162,925 W 52nd Avenue,3888000,7,4,8700,30,11888,Vancouver West,South Cambie,House,Freehold NonStrata,2 Storey w/Bsmt.
164,6949 Laurel Street,3590000,5,5,8265,61,10246,Vancouver West,South Cambie,House,Freehold NonStrata,2 Storey w/Bsmt.
165,6889 Cambie Street,8400000,7,4,7795,55,31050,Vancouver West,South Cambie,House,Freehold NonStrata,2 Storey w/Bsmt.
169,6650 Oak Street,3998000,6,2,7776,62,9265,Vancouver West,South Cambie,House,Freehold NonStrata,2 Storey
176,6868 Laurel Street,5280000,6,8,8265,8,16354,Vancouver West,South Cambie,House,Freehold NonStrata,2 Storey w/Bsmt.
179,6909 Cambie Street,8400000,4,4,7795,61,9347,Vancouver West,South Cambie,House,Freehold NonStrata,2 Storey w/Bsmt.
183,759 W 50th Avenue,4888000,5,6,6600,1,11654,Vancouver West,South Cambie,House,Freehold NonStrata,2 Storey w/Bsmt.
187,3872 W 10th Avenue,3388000,4,6,4040,1,8933,Vancouver West,Point Grey,House,Freehold NonStrata,2 Storey w/Bsmt.
188,3007 Crown Street,3288000,4,4,3714,11,9496,Vancouver West,Point Grey,House,Freehold NonStrata,2 Storey w/Bsmt.
189,4628 W 15th Avenue,3388000,6,6,4026,3,8866,Vancouver West,Point Grey,House,Freehold NonStrata,2 Storey w/Bsmt.
190,4261 W 13th Avenue,7399000,5,7,6710,2,19386,Vancouver West,Point Grey,House,Freehold NonStrata,2 Storey w/Bsmt.
191,4754 W 2nd Avenue,11988000,6,6,33838,99,50071,Vancouver West,Point Grey,House,Freehold NonStrata,2 Storey w/Bsmt.
192,3707 W 13th Avenue,3450000,3,3,3663,35,8812,Vancouver West,Point Grey,House,Freehold NonStrata,2 Storey
195,3122 Courtenay Street,2880000,4,2,4046,79,7752,Vancouver West,Point Grey,House,Freehold NonStrata,2 Storey w/Bsmt.
196,4307 W 13th Avenue,4150000,5,5,4035,1,9912,Vancouver West,Point Grey,House,Freehold NonStrata,2 Storey w/Bsmt.
197,3968 W 10th Avenue,2550000,3,3,4029,41,7420,Vancouver West,Point Grey,House,Freehold NonStrata,2 Storey
198,2588 Courtenay Street,4388000,10,5,9631,92,13186,Vancouver West,Point Grey,House,Freehold NonStrata,"2 Storey w/Bsmt.,Carriage/Coach House"
199,4519 W 12th Avenue,6880000,5,8,6035,0,15192,Vancouver West,Point Grey,House,Freehold NonStrata,"2 Storey w/Bsmt.,Laneway House"
202,4205 W 12th Avenue,4288000,8,8,4026,3,10316,Vancouver West,Point Grey,House,Freehold NonStrata,2 Storey w/Bsmt.
203,4108 W 12th Avenue,4180000,3,5,4026,0,9057,Vancouver West,Point Grey,House,Freehold NonStrata,3 Storey w/Bsmt
205,4248 W 10th Avenue,3880000,4,2,4026,5,8083,Vancouver West,Point Grey,House,Freehold NonStrata,2 Storey w/Bsmt.
206,4343 W 12th Avenue,3880000,4,6,4026,7,9206,Vancouver West,Point Grey,House,Freehold NonStrata,2 Storey w/Bsmt.
208,4532 W 6th Avenue,4580000,4,4,5287,77,14556,Vancouver West,Point Grey,House,Freehold NonStrata,2 Storey w/Bsmt.
209,3853 W 14th Avenue,5880000,8,7,5755,7,21311,Vancouver West,Point Grey,House,Freehold NonStrata,2 Storey w/Bsmt.
210,4688 W 3rd Avenue,13880000,5,7,11088,8,54374,Vancouver West,Point Grey,House,Freehold NonStrata,2 Storey w/Bsmt.
211,4648 W 8th Avenue,2998000,4,4,3853,31,8245,Vancouver West,Point Grey,House,Freehold NonStrata,2 Storey w/Bsmt.
212,4576 W 7th Avenue,3480000,3,3,3723,14,10309,Vancouver West,Point Grey,House,Freehold NonStrata,2 Storey w/Bsmt.
215,4434 W 1st Avenue,4298000,5,4,5600,42,12241,Vancouver West,Point Grey,House,Freehold NonStrata,2 Storey w/Bsmt.
217,4374 W 8th Avenue,4880000,4,4,3802,0,9481,Vancouver West,Point Grey,House,Freehold NonStrata,2 Storey w/Bsmt.
218,4150 W 8th Avenue,10500000,5,5,7809,10,39089,Vancouver West,Point Grey,House,Freehold NonStrata,2 Storey w/Bsmt.
219,4639 Simpson Avenue,11980000,5,7,7080,6,50567,Vancouver West,Point Grey,House,Freehold NonStrata,2 Storey w/Bsmt.
220,4625 W 3rd Avenue,12880000,6,5,11134,89,52969,Vancouver West,Point Grey,House,Freehold NonStrata,2 Storey w/Bsmt.
223,1948 W 41st Avenue,2498000,4,2,4348,95,9303,Vancouver West,Kerrisdale,House,Freehold NonStrata,Rancher/Bungalow w/Bsmt.
224,5375 Trafalgar Street,3650000,6,5,5280,24,405,Vancouver West,Kerrisdale,House,Freehold NonStrata,2 Storey w/Bsmt.
226,6305 Mccleery Street,4698000,4,4,9298,110,9001,Vancouver West,Kerrisdale,House,Freehold NonStrata,3 Storey
227,3296 W 37th Avenue,2980000,4,2,8316,90,9718,Vancouver West,Kerrisdale,House,Freehold NonStrata,Rancher/Bungalow w/Bsmt.
228,2883 W 43rd Avenue,3988000,3,6,4455,1,8016,Vancouver West,Kerrisdale,House,Freehold NonStrata,2 Storey w/Bsmt.
229,3243 W 38th Avenue,2899000,4,4,4290,75,487,Vancouver West,Kerrisdale,House,Freehold NonStrata,3 Storey
232,5968 Trafalgar Street,3988000,6,7,7016,25,11000,Vancouver West,Kerrisdale,House,Freehold NonStrata,2 Storey w/Bsmt.
233,5389 Larch Street,3780000,5,4,8943,78,,Vancouver West,Kerrisdale,House,Freehold NonStrata,2 Storey w/Bsmt.
235,2969 W 41st Avenue,2999999,4,5,3696,6,538,Vancouver West,Kerrisdale,House,Freehold NonStrata,2 Storey w/Bsmt.
238,5595 Mackenzie Street,4188000,4,2,10540,89,295,Vancouver West,Kerrisdale,House,Freehold NonStrata,2 Storey w/Bsmt.
241,2921 W 41st Avenue,3388000,7,8,7375,5,8412,Vancouver West,Kerrisdale,House,Freehold NonStrata,2 Storey w/Bsmt.
242,2193 W 46th Avenue,2888000,5,4,4439,29,405,Vancouver West,Kerrisdale,House,Freehold NonStrata,2 Storey w/Bsmt.
244,6007 Larch Street,4389900,5,6,4110,0,481,Vancouver West,Kerrisdale,House,Freehold NonStrata,"2 Storey w/Bsmt.,Laneway House"
248,3033 W 42nd Avenue,2980000,5,5,4444,24,9930,Vancouver West,Kerrisdale,House,Freehold NonStrata,2 Storey w/Bsmt.
249,6768 Maple Street,3998000,6,7,8924,27,7625,Vancouver West,Kerrisdale,House,Freehold NonStrata,2 Storey w/Bsmt.
250,5510 Blenheim Street,2980000,3,3,6392,84,17778,Vancouver West,Kerrisdale,House,Freehold NonStrata,2 Storey w/Bsmt.
251,6520 Laburnum Street,5498000,5,7,6240,5,380,Vancouver West,Kerrisdale,House,Freehold NonStrata,2 Storey w/Bsmt.
254,2375 W 45th Avenue,2398000,3,4,4030,29,758,Vancouver West,Kerrisdale,House,Freehold NonStrata,2 Storey w/Bsmt.
257,6187 Mackenzie Street,5800000,4,3,7748,60,40730,Vancouver West,Kerrisdale,House,Freehold NonStrata,Rancher/Bungalow w/Bsmt.
258,6248 Balaclava Street,8680000,7,8,24070,25,491,Vancouver West,Kerrisdale,House,Freehold NonStrata,2 Storey w/Bsmt.
261,2069 W 48th Avenue,2388000,5,3,3927,51,9761,Vancouver West,Kerrisdale,House,Freehold NonStrata,2 Storey w/Bsmt.
262,6361 Larch Street,2999000,4,3,6376,96,14150,Vancouver West,Kerrisdale,House,Freehold NonStrata,2 Storey w/Bsmt.
263,6311 Larch Street,6880000,5,7,8953,0,587,Vancouver West,Kerrisdale,House,Freehold NonStrata,2 Storey w/Bsmt.
348,731 W 17th Avenue,3838000,4,8,4019,2,446,Vancouver West,Fairview,House,Freehold NonStrata,2 Storey w/Bsmt.
429,2935 W 27th Avenue,3499000,3,2,6731,76,9148,Vancouver West,MacKenzie Heights,House,Freehold NonStrata,1 1/2 Storey
430,3250 W 36th Avenue,3980000,7,4,6513,91,12636,Vancouver West,MacKenzie Heights,House,Freehold NonStrata,3 Storey
431,3242 W 29th Avenue,3189000,5,3,5200,53,13684,Vancouver West,MacKenzie Heights,House,Freehold NonStrata,2 Storey
432,2606 W 35th Avenue,4680000,5,4,8040,44,9723,Vancouver West,MacKenzie Heights,House,Freehold NonStrata,2 Storey w/Bsmt.
433,4910 Blenheim Street,4988000,8,8,6832,6,6878,Vancouver West,MacKenzie Heights,House,Freehold NonStrata,2 Storey w/Bsmt.
434,3206 W 32nd Avenue,3688000,4,4,4394,12,12402,Vancouver West,MacKenzie Heights,House,Freehold NonStrata,2 Storey w/Bsmt.
435,3249 W 33rd Avenue,2299000,6,3,4290,80,22392,Vancouver West,MacKenzie Heights,House,Freehold NonStrata,2 Storey w/Bsmt.
436,4885 Elm Street,3780000,5,3,6300,33,14703,Vancouver West,MacKenzie Heights,House,Freehold NonStrata,3 Storey
437,2956 W 36th Avenue,5250000,6,6,7737,12,9781,Vancouver West,MacKenzie Heights,House,Freehold NonStrata,2 Storey w/Bsmt.
438,4679 Puget Drive,4880000,4,2,7020,79,23136,Vancouver West,MacKenzie Heights,House,Freehold NonStrata,2 Storey w/Bsmt.
439,4889 Trafalgar Street,3380000,6,6,5674,24,18985,Vancouver West,MacKenzie Heights,House,Freehold NonStrata,2 Storey w/Bsmt.
440,2708 W 34th Avenue,6990000,4,6,8400,3,450,Vancouver West,MacKenzie Heights,House,Freehold NonStrata,2 Storey w/Bsmt.
441,2971 W 31st Avenue,5980000,5,6,6525,5,395,Vancouver West,MacKenzie Heights,House,Freehold NonStrata,2 Storey w/Bsmt.
445,2389 Mcbain Avenue,5990000,6,6,6600,7,470,Vancouver West,Quilchena,House,Freehold NonStrata,3 Storey
450,2257 Mcmullen Avenue,5990000,5,7,6243,2,290,Vancouver West,Quilchena,House,Freehold NonStrata,2 Storey w/Bsmt.
451,4855 Paton Street,4580000,5,3,6370,59,509,Vancouver West,Quilchena,House,Freehold NonStrata,2 Storey w/Bsmt.
454,2126 W 34th Avenue,5000000,2,4,12873,50,446,Vancouver West,Quilchena,House,Freehold NonStrata,2 Storey w/Bsmt.
461,2606 Edgar Crescent,5980000,5,5,7487,26,14106,Vancouver West,Quilchena,House,Freehold NonStrata,2 Storey w/Bsmt.
462,2175 W 32nd Avenue,6388000,4,5,6834,5,8649,Vancouver West,Quilchena,House,Freehold NonStrata,2 Storey w/Bsmt.
463,2475 W 35th Avenue,4680000,6,6,7800,31,19523,Vancouver West,Quilchena,House,Freehold NonStrata,2 Storey w/Bsmt.
464,2360 W King Edward Avenue,2990000,3,2,7884,67,19359,Vancouver West,Quilchena,House,Freehold NonStrata,Rancher/Bungalow w/Bsmt.
465,4729 Haggart Street,5691000,5,7,7525,7,11877,Vancouver West,Quilchena,House,Freehold NonStrata,2 Storey w/Bsmt.
466,2617 Mcbain Avenue,5380000,5,6,6400,5,412,Vancouver West,Quilchena,House,Freehold NonStrata,2 Storey w/Bsmt.
467,2268 W 32nd Avenue,4190000,7,4,6852,57,431,Vancouver West,Quilchena,House,Freehold NonStrata,2 Storey w/Bsmt.
470,2399 W 35th Avenue,6990000,6,7,7800,1,530,Vancouver West,Quilchena,House,Freehold NonStrata,2 Storey w/Bsmt.
473,2143 W 36th Avenue,11880000,5,8,10050,2,16865,Vancouver West,Quilchena,House,Freehold NonStrata,2 Storey w/Bsmt.
474,1438 W 32nd Avenue,23880000,7,10,15632,0,14238,Vancouver West,Shaughnessy,House,Freehold NonStrata,2 Storey w/Bsmt.
475,1520 W 32nd Avenue,4990000,8,8,18759,28,,Vancouver West,Shaughnessy,House,Freehold NonStrata,2 Storey w/Bsmt.
476,5415 Cypress Street,4688000,5,3,9516,93,,Vancouver West,Shaughnessy,House,Freehold NonStrata,2 Storey w/Bsmt.
479,4768 Osler Street,5650000,5,6,6000,3,10690,Vancouver West,Shaughnessy,House,Freehold NonStrata,2 Storey w/Bsmt.
480,1288 Laurier Avenue,9688000,6,7,16000,27,8970,Vancouver West,Shaughnessy,House,Freehold NonStrata,2 Storey w/Bsmt.
481,1288 W 27th Avenue,4289000,6,5,6250,36,52622,Vancouver West,Shaughnessy,House,Freehold NonStrata,3 Storey
482,1476 W 33rd Avenue,3898000,7,4,8750,100,25149,Vancouver West,Shaughnessy,House,Freehold NonStrata,2 Storey w/Bsmt.
483,1469 Matthews Avenue,12890000,6,8,22056,108,25105,Vancouver West,Shaughnessy,House,Freehold NonStrata,3 Storey
484,1020 Wolfe Avenue,5880000,9,6,21186,44,36805,Vancouver West,Shaughnessy,House,Freehold NonStrata,2 Storey w/Bsmt.
485,1736 W 37th Avenue,6980000,4,4,12600,71,16781,Vancouver West,Shaughnessy,House,Freehold NonStrata,2 Storey
486,1712 Cedar Crescent,13998000,5,4,23522,108,274,Vancouver West,Shaughnessy,House,Freehold NonStrata,2 Storey w/Bsmt.
487,1777 W 38th Avenue,7880000,5,7,10073,6,35523,Vancouver West,Shaughnessy,House,Freehold NonStrata,2 Storey w/Bsmt.
489,1212 Balfour Avenue,7890000,5,4,13199,97,26188,Vancouver West,Shaughnessy,House,Freehold NonStrata,3 Storey
490,1080 Wolfe Avenue,13888000,5,5,27523,108,458,Vancouver West,Shaughnessy,House,Freehold NonStrata,3 Storey
491,4238 Pine Crescent,10990000,7,8,9450,1,14144,Vancouver West,Shaughnessy,House,Freehold NonStrata,2 Storey w/Bsmt.
493,1121 Nanton Avenue,5380000,6,7,6200,3,16237,Vancouver West,Shaughnessy,House,Freehold NonStrata,2 Storey w/Bsmt.
494,4051 Cypress Street,10930000,5,7,15633,16,254,Vancouver West,Shaughnessy,House,Freehold NonStrata,2 Storey w/Bsmt.
495,1592 Nanton Avenue,5788000,4,6,10000,59,864,Vancouver West,Shaughnessy,House,Freehold NonStrata,2 Storey w/Bsmt.
498,5637 Laburnum Street,9888000,5,7,10164,1,8950,Vancouver West,Shaughnessy,House,Freehold NonStrata,3 Storey w/Bsmt
499,1529 W 36th Avenue,9990000,6,6,15400,98,106377,Vancouver West,Shaughnessy,House,Freehold NonStrata,2 Storey w/Bsmt.
500,1307 W 41st Avenue,3688000,4,2,8794,80,53653,Vancouver West,Shaughnessy,House,Freehold NonStrata,2 Storey
501,3689 Selkirk Street,26988000,12,12,39600,105,16051,Vancouver West,Shaughnessy,House,Freehold NonStrata,3 Storey w/Bsmt
502,1678 Somerset Crescent,12880000,4,5,25043,90,44905,Vancouver West,Shaughnessy,House,Freehold NonStrata,2 Storey w/Bsmt.
503,1575 W 29th Avenue,5880000,4,3,9900,77,17690,Vancouver West,Shaughnessy,House,Freehold NonStrata,Rancher/Bungalow w/Bsmt.
504,1098 Wolfe Avenue,9980000,5,6,17991,12,46835,Vancouver West,Shaughnessy,House,Freehold NonStrata,2 Storey w/Bsmt.
505,5549 Cypress Street,5100000,5,5,9760,91,49009,Vancouver West,Shaughnessy,House,Freehold NonStrata,4 Level Split
506,1233 Tecumseh Avenue,35800000,7,8,25340,1,9134,Vancouver West,Shaughnessy,House,Freehold NonStrata,3 Storey
507,4429 Marguerite Street,11980000,6,7,9000,5,38587,Vancouver West,Shaughnessy,House,Freehold NonStrata,2 Storey w/Bsmt.
508,1491 Devonshire Crescent,4350000,3,3,8775,89,37606,Vancouver West,Shaughnessy,House,Freehold NonStrata,3 Storey
509,3689 Angus Drive,12600000,6,7,21746,108,15860,Vancouver West,Shaughnessy,House,Freehold NonStrata,3 Storey
510,1376 W 26th Avenue,10880000,5,8,9375,3,33547,Vancouver West,Shaughnessy,House,Freehold NonStrata,2 Storey w/Bsmt.
511,1289 W 40th Avenue,5380000,6,6,8360,28,12202,Vancouver West,Shaughnessy,House,Freehold NonStrata,2 Storey
512,4239 Pine Crescent,7880000,6,8,7950,5,693,Vancouver West,Shaughnessy,House,Freehold NonStrata,2 Storey w/Bsmt.
513,5843 Highbury Street,4880000,6,6,7920,4,40477,Vancouver West,Southlands,House,Freehold NonStrata,2 Storey w/Bsmt.
515,7110 Blenheim Street,18999000,5,7,2.2,5,,Vancouver West,Southlands,House,Freehold NonStrata,2 Storey
516,6196 Highbury Street,4180000,5,6,7492,6,,Vancouver West,Southlands,House,Freehold NonStrata,2 Storey
523,5687 Olympic Street,5288000,9,8,7810,3,515,Vancouver West,Southlands,House,Freehold NonStrata,"2 Storey w/Bsmt.,3 Storey"
524,5718 Alma Street,2789000,5,3,6421,91,888,Vancouver West,Southlands,House,Freehold NonStrata,2 Storey w/Bsmt.
529,3070 W 49 Avenue,13800000,4,5,1.27,63,625,Vancouver West,Southlands,House,Freehold NonStrata,2 Storey
530,3483 Deering Island Place,3880000,5,5,8052,26,7821,Vancouver West,Southlands,House,Freehold NonStrata,2 Storey
532,3675 SW Marine Drive,3160000,9,5,9400,79,11338,Vancouver West,Southlands,House,Freehold NonStrata,2 Storey w/Bsmt.
533,3414 W 44th Avenue,5400000,4,3,13000,81,,Vancouver West,Southlands,House,Freehold NonStrata,2 Storey w/Bsmt.
534,5819 Wallace Street,3780000,4,4,8877,33,16160,Vancouver West,Southlands,House,Freehold NonStrata,2 Storey w/Bsmt.
536,5687 Holland Street,5980000,8,10,10491,4,,Vancouver West,Southlands,House,Freehold NonStrata,2 Storey w/Bsmt.
537,3528 W 39th Avenue,4398000,5,5,5278,7,318,Vancouver West,Southlands,House,Freehold NonStrata,2 Storey w/Bsmt.
541,3819 SW Marine Drive,2650000,5,4,6038,79,300,Vancouver West,Southlands,House,Freehold NonStrata,2 Storey w/Bsmt.
542,2318 SW Marine Drive,4290000,6,6,14825,26,9958,Vancouver West,Southlands,House,Freehold NonStrata,2 Storey w/Bsmt.
544,3556 W 38th Avenue,3888000,4,6,5475,29,8998,Vancouver West,Southlands,House,Freehold NonStrata,2 Storey w/Bsmt.
547,6177 Collingwood Place,3380000,6,3,11195,65,11535,Vancouver West,Southlands,House,Freehold NonStrata,2 Storey w/Bsmt.
548,4025 W 38th Avenue,5980000,6,6,6900,0,21154,Vancouver West,Southlands,House,Freehold NonStrata,2 Storey w/Bsmt.
549,5661 Highbury Street,3460000,4,5,9360,89,6959,Vancouver West,Southlands,House,Freehold NonStrata,2 Storey
550,4011 W 38th Avenue,5750000,4,6,6900,4,6959,Vancouver West,Southlands,House,Freehold NonStrata,2 Storey w/Bsmt.
551,6650 Vine Street,2748000,3,3,3453,42,1059,Vancouver West,Southwest Marine,House,Freehold NonStrata,2 Storey
552,6650 Vine Street,2748000,3,3,3453,42,15215,Vancouver West,Southwest Marine,House,Freehold NonStrata,2 Storey
554,1869 W 64th Avenue,4380000,7,8,7581,10,685,Vancouver West,Southwest Marine,House,Freehold NonStrata,2 Storey w/Bsmt.
555,1869 W 64th Avenue,4380000,7,8,7581,10,16949,Vancouver West,Southwest Marine,House,Freehold NonStrata,2 Storey w/Bsmt.
557,7120 Maple Street,5988000,7,7,7300,1,542,Vancouver West,Southwest Marine,House,Freehold NonStrata,2 Storey w/Bsmt.
558,2606-2610 Marine Crescent,12880000,4,7,35869,92,417,Vancouver West,Southwest Marine,House,Freehold NonStrata,2 Storey w/Bsmt.
562,1958 W 60th Avenue,2990000,4,2,7850,67,357,Vancouver West,Southwest Marine,House,Freehold NonStrata,2 Storey
563,1584 W 66th Avenue,2099000,5,3,3987,90,497,Vancouver West,Southwest Marine,House,Freehold NonStrata,2 Storey w/Bsmt.
566,6989 Arbutus Diversion,3880000,5,5,11014,28,6471,Vancouver West,Southwest Marine,House,Freehold NonStrata,2 Storey
567,6664 Balsam Street,1880000,2,1,1,95,9402,Vancouver West,Southwest Marine,House,Freehold NonStrata,2 Storey w/Bsmt.
568,1518 W 68th Avenue,2450000,4,4,3675,23,193,Vancouver West,Southwest Marine,House,Freehold NonStrata,2 Storey w/Bsmt.
569,8295 Angus Drive,3280000,3,3,1,70,6959,Vancouver West,Southwest Marine,House,Freehold NonStrata,Rancher/Bungalow w/Bsmt.
571,6650 Vine Street,2748000,3,3,3453,42,745,Vancouver West,Southwest Marine,House,Freehold NonStrata,2 Storey
572,6505 Yew Street,2776800,5,3,5280,44,8254,Vancouver West,Southwest Marine,House,Freehold NonStrata,2 Storey
574,1722 W 68th Avenue,2738000,6,2,6000,69,707,Vancouver West,Southwest Marine,House,Freehold NonStrata,2 Storey
575,1925 SW Marine Drive,9980000,5,8,18000,6,685,Vancouver West,Southwest Marine,House,Freehold NonStrata,2 Storey w/Bsmt.
580,2077 W 61st Avenue,8880000,4,7,7850,0,6546,Vancouver West,Southwest Marine,House,Freehold NonStrata,2 Storey w/Bsmt.
581,6812 Arbutus Street,6980000,4,4,21945,79,716,Vancouver West,Southwest Marine,House,Freehold NonStrata,2 Storey w/Bsmt.
582,1563 W 66th Avenue,2200000,5,3,4026,93,606,Vancouver West,Southwest Marine,House,Freehold NonStrata,"2 Storey,Basement Entry"
655,4448 Nanaimo Street,1559000,5,3,3808,35,220,Vancouver East,Collingwood,House,Freehold NonStrata,"2 Storey,Basement Entry"
660,2549 E 27th Avenue,1998000,10,8,3564,2,7675,Vancouver East,Collingwood,House,Freehold NonStrata,"2 Storey w/Bsmt.,Laneway House"
663,4448 Nanaimo Street,1559000,5,3,3808,35,5022,Vancouver East,Collingwood,House,Freehold NonStrata,"2 Storey,Basement Entry"
665,5675 Rupert Street,3000000,8,4,5868,63,346,Vancouver East,Collingwood,House,Freehold NonStrata,"2 Storey,Laneway House"
674,5216 Rupert Street,1850000,8,4,5280,61,442,Vancouver East,Collingwood,House,Freehold NonStrata,"2 Storey,Laneway House"
678,4539 Hoy Street,1489000,7,3,4645,108,229,Vancouver East,Collingwood,House,Freehold NonStrata,2 Storey w/Bsmt.
688,5645 Rupert Street,1580000,6,2,4153,66,5195,Vancouver East,Collingwood,House,Freehold NonStrata,2 Storey
690,4987 Hoy Street,1399000,7,2,3803,56,0,Vancouver East,Collingwood,House,Freehold NonStrata,2 Storey
694,5649 Rupert Street,1580000,5,3,4153,64,633,Vancouver East,Collingwood,House,Freehold NonStrata,2 Storey
730,5239 Chester Street,1499000,5,1,3630,108,6231,Vancouver East,Fraser East,House,Freehold NonStrata,"2 Storey,Rancher/Bungalow w/Bsmt."
731,4435 Fraser Street,1900000,3,2,3729,73,5753,Vancouver East,Fraser East,House,Freehold NonStrata,2 Storey
732,448 E 45th Avenue,1968000,7,4,4026,13,0,Vancouver East,Fraser East,House,Freehold NonStrata,2 Storey
733,4505 Harriet Street,1849999,5,3,3847,59,302,Vancouver East,Fraser East,House,Freehold NonStrata,"2 Storey,Split Entry"
736,1081 E 40th Avenue,2288000,6,5,4305,2,5523,Vancouver East,Fraser East,House,Freehold NonStrata,"2 Storey,Laneway House"
737,532 E 17th Avenue,1499000,5,4,3026,23,5945,Vancouver East,Fraser East,House,Freehold NonStrata,2 Storey
738,543 E 21st Avenue,1499000,5,2,3020,115,240,Vancouver East,Fraser East,House,Freehold NonStrata,2 Storey w/Bsmt.
739,4452 Prince Albert Street,2798000,9,6,3840,4,0,Vancouver East,Fraser East,House,Freehold NonStrata,"2 Storey w/Bsmt.,Laneway House"
741,503 E 19th Avenue,2999000,4,4,4026,9,5754,Vancouver East,Fraser East,House,Freehold NonStrata,3 Storey
742,766 E 28th Avenue,1549000,3,3,3510,108,5052,Vancouver East,Fraser East,House,Freehold NonStrata,2 Storey w/Bsmt.
743,5508 Chester Street,2499900,5,5,3500,1,5660,Vancouver East,Fraser East,House,Freehold NonStrata,3 Storey
744,5247 Elgin Street,1548000,3,2,3300,81,6199,Vancouver East,Fraser East,House,Freehold NonStrata,2 Storey w/Bsmt.
745,728 E 37th Avenue,1550000,6,3,4026,112,6246,Vancouver East,Fraser East,House,Freehold NonStrata,3 Storey
746,6363 Chester Street,2298000,10,7,4022,6,452,Vancouver East,Fraser East,House,Freehold NonStrata,2 Storey w/Bsmt.
747,886 E King Edward Avenue,2888888,10,8,4524,4,380,Vancouver East,Fraser East,House,Freehold NonStrata,2 Storey w/Bsmt.
750,408 E 17th Avenue,1859000,6,3,3396,72,5504,Vancouver East,Fraser East,House,Freehold NonStrata,2 Storey
752,5696 Chester Street,2388000,8,3,5639,74,5056,Vancouver East,Fraser East,House,Freehold NonStrata,2 Storey w/Bsmt.
754,445 E 44th Avenue,1488000,4,2,4026,61,4887,Vancouver East,Fraser East,House,Freehold NonStrata,2 Storey
755,4617 Fraser Street,1900000,5,2,3008,49,4446,Vancouver East,Fraser East,House,Freehold NonStrata,2 Storey
756,4629 Fraser Street,1900000,5,2,3008,37,6109,Vancouver East,Fraser East,House,Freehold NonStrata,2 Storey
757,786 E 45th Avenue,1180000,2,1,3020,90,6363,Vancouver East,Fraser East,House,Freehold NonStrata,2 Storey
758,8191 Elliott Street,1498000,5,3,5479,55,7800,Vancouver East,Fraserview East,House,Freehold NonStrata,2 Storey
759,1938 E 64th Avenue,1980000,6,5,4903,24,5951,Vancouver East,Fraserview East,House,Freehold NonStrata,2 Storey w/Bsmt.
760,2387 Bonaccord Drive,2349000,6,4,8437,28,6322,Vancouver East,Fraserview East,House,Freehold NonStrata,2 Storey w/Bsmt.
761,1522 E 54th Avenue,1699000,5,3,4720,50,0,Vancouver East,Fraserview East,House,Freehold NonStrata,Basement Entry
762,7225 Victoria Drive,1799000,2,1,5332,70,0,Vancouver East,Fraserview East,House,Freehold NonStrata,1 Storey
765,1842 E 64th Avenue,2449000,9,7,4177,3,5191,Vancouver East,Fraserview East,House,Freehold NonStrata,"2 Storey w/Bsmt.,Laneway House"
766,7558 Gladstone Street,2588000,6,5,0,18,7602,Vancouver East,Fraserview East,House,Freehold NonStrata,2 Storey w/Bsmt.
767,1787 E 57th Avenue,1650000,4,2,6575,70,6047,Vancouver East,Fraserview East,House,Freehold NonStrata,2 Storey w/Bsmt.
768,2031 Harrison Drive,3662000,10,9,6810,2,5766,Vancouver East,Fraserview East,House,Freehold NonStrata,2 Storey w/Bsmt.
769,1421 E 62nd Avenue,1749000,5,2,5175,69,7865,Vancouver East,Fraserview East,House,Freehold NonStrata,Basement Entry
770,1518 E 61st Avenue,1850000,6,5,4511,30,217,Vancouver East,Fraserview East,House,Freehold NonStrata,3 Storey
771,2375 Burquitlam Drive,2388000,6,6,6435,15,7554,Vancouver East,Fraserview East,House,Freehold NonStrata,2 Storey w/Bsmt.
773,1538 E 57th Avenue,2988000,8,8,5344,3,8767,Vancouver East,Fraserview East,House,Freehold NonStrata,"2 Storey w/Bsmt.,Laneway House"
774,1535 E 63rd Avenue,2799000,9,8,5444,3,5448,Vancouver East,Fraserview East,House,Freehold NonStrata,"3 Storey,Laneway House"
775,7533 Ashburn Street,2880000,7,7,6596,12,4822,Vancouver East,Fraserview East,House,Freehold NonStrata,Reverse 2 Storey w/Bsmt
776,2425 SE Marine Drive Drive,1799999,6,2,5798,54,4950,Vancouver East,Fraserview East,House,Freehold NonStrata,2 Storey
777,2455 SE Marine Drive,1799999,3,2,5523,53,7552,Vancouver East,Fraserview East,House,Freehold NonStrata,2 Storey
778,2485 SE Marine Drive,1799999,4,2,5708,53,6526,Vancouver East,Fraserview East,House,Freehold NonStrata,2 Storey
779,1536 E 63rd Avenue,2649000,9,10,5582,6,6115,Vancouver East,Fraserview East,House,Freehold NonStrata,"3 Storey,Laneway House"
780,1670 E 57th Avenue,1978000,6,4,5767,34,5916,Vancouver East,Fraserview East,House,Freehold NonStrata,2 Storey
781,7437 Stirling Street,2499000,6,4,5400,32,290,Vancouver East,Fraserview East,House,Freehold NonStrata,"2 Storey w/Bsmt.,Corner Unit"
788,1969 E 8th Avenue,1577000,1,1,4026,90,498,Vancouver East,Grandview East,House,Freehold NonStrata,3 Storey
789,1340 E 12th Avenue,1699900,6,2,4026,98,5960,Vancouver East,Grandview East,House,Freehold NonStrata,3 Storey
791,1346 E 12th Avenue,1899900,8,3,4026,108,0,Vancouver East,Grandview East,House,Freehold NonStrata,3 Storey
792,1356 E 12th Avenue,1899900,6,3,4026,108,4937,Vancouver East,Grandview East,House,Freehold NonStrata,3 Storey w/Bsmt
794,2066 E 1st Avenue,1398000,3,2,4026,95,0,Vancouver East,Grandview East,House,Freehold NonStrata,2 Storey
795,1824 E 10th Avenue,3999999,4,3,4234,108,0,Vancouver East,Grandview East,House,Freehold NonStrata,2 Storey w/Bsmt.
798,1239 Woodland Drive,1699000,3,1,2594,110,4221,Vancouver East,Grandview East,House,Freehold NonStrata,2 Storey
801,1307 E 8th Avenue,1599000,4,2,3152,66,4151,Vancouver East,Grandview East,House,Freehold NonStrata,2 Storey
805,1638 E 8th Avenue,3199000,6,4,6100,109,5359,Vancouver East,Grandview East,House,Freehold NonStrata,"3 Storey,4 Level Split"
812,2316 E 1st Avenue,2300000,4,3,3651,44,4805,Vancouver East,Grandview East,House,Freehold NonStrata,2 Storey
813,2314 E 1st Avenue,2320000,5,3,3676,44,401,Vancouver East,Grandview East,House,Freehold NonStrata,2 Storey
814,2320 E 1st Avenue,2300000,5,3,3582,44,4801,Vancouver East,Grandview East,House,Freehold NonStrata,2 Storey
817,1440 E 1 Avenue,1999900,5,1,4026,110,4605,Vancouver East,Grandview East,House,Freehold NonStrata,2 Storey w/Bsmt.
818,2211 E 1st Avenue,2250000,8,4,4026,96,5021,Vancouver East,Grandview East,House,Freehold NonStrata,2 Storey
820,1855 E 1st Avenue,1899000,3,1,4026,93,5517,Vancouver East,Grandview East,House,Freehold NonStrata,Rancher/Bungalow w/Bsmt.
821,2055 E Broadway,3000000,5,2,4026,75,279,Vancouver East,Grandview East,House,Freehold NonStrata,2 Storey w/Bsmt.
822,1654 E Pender Street,1698000,5,2,4071,105,330,Vancouver East,Hastings,House,Freehold NonStrata,2 Storey
827,1632 E Pender Street,1888000,4,2,4026,56,5699,Vancouver East,Hastings,House,Freehold NonStrata,Rancher/Bungalow
829,2371 Adanac Street,1399000,5,3,3465,79,201,Vancouver East,Hastings,House,Freehold NonStrata,Split Entry
833,2135 Triumph Street,928000,4,2,3020,94,444,Vancouver East,Hastings,House,Freehold NonStrata,2 Storey
848,3666 Edinburgh Street,1788000,4,4,6100,20,345,Vancouver East,Hastings Sunrise,House,Freehold NonStrata,3 Storey w/Bsmt
854,3188 E 43rd Avenue,2399000,6,6,6072,0,5932,Vancouver East,Killarney,House,Freehold NonStrata,2 Storey w/Bsmt.
856,3188 E 43rd Avenue,2399000,6,6,6072,0,4143,Vancouver East,Killarney,House,Freehold NonStrata,2 Storey w/Bsmt.
857,2696 E 52nd Avenue,1798000,5,2,4793,64,5589,Vancouver East,Killarney,House,Freehold NonStrata,2 Storey
858,2778 E 41st Avenue,1298000,3,1,3349,104,0,Vancouver East,Killarney,House,Freehold NonStrata,1 Storey
859,6162 Tyne Street,1698000,5,2,5310,55,4677,Vancouver East,Killarney,House,Freehold NonStrata,2 Storey
861,5806 Rupert Street,1260000,3,1,3660,70,4097,Vancouver East,Killarney,House,Freehold NonStrata,2 Storey
863,6255 Doman Street,1280000,4,2,2153,47,5842,Vancouver East,Killarney,House,Freehold NonStrata,2 Storey
864,2833 E 49th Avenue,2500000,3,1,8171,60,4923,Vancouver East,Killarney,House,Freehold NonStrata,Rancher/Bungalow w/Bsmt.
865,2478 E 48th Avenue,1780000,4,2,5633,57,5178,Vancouver East,Killarney,House,Freehold NonStrata,2 Storey
866,1715 E 47th Avenue,1580000,6,2,3960,60,4807,Vancouver East,Killarney,House,Freehold NonStrata,2 Storey
867,3169 E 45th Avenue,1688000,5,4,3600,18,5676,Vancouver East,Killarney,House,Freehold NonStrata,2 Storey
868,6841 Tyne Street,1499000,5,2,3729,63,300,Vancouver East,Killarney,House,Freehold NonStrata,2 Storey
872,5710 Berkeley Street,1745800,5,3,4329,41,5932,Vancouver East,Killarney,House,Freehold NonStrata,"2 Storey,Basement Entry"
873,1960 E 52nd Avenue,1448000,5,2,3385,65,4895,Vancouver East,Killarney,House,Freehold NonStrata,2 Storey
874,3188 E 43rd Avenue,2399000,6,6,6072,0,5676,Vancouver East,Killarney,House,Freehold NonStrata,2 Storey w/Bsmt.
875,5816 Beatrice Street,1338000,5,2,3874,69,6937,Vancouver East,Killarney,House,Freehold NonStrata,1 1/2 Storey
876,6696 Nanaimo Street,1700000,5,2,5523,64,294,Vancouver East,Killarney,House,Freehold NonStrata,2 Storey
877,6936 Balmoral Street,2099000,6,5,3456,8,6108,Vancouver East,Killarney,House,Freehold NonStrata,2 Storey w/Bsmt.
879,2822 E 43rd Avenue,2100000,5,4,5051,32,,Vancouver East,Killarney,House,Freehold NonStrata,2 Storey
880,2663 E 54th Avenue,2980000,10,11,6144,6,586,Vancouver East,Killarney,House,Freehold NonStrata,"Laneway House,3 Storey w/Bsmt"
884,6930 Rupert Street,2798000,7,7,4724,0,5723,Vancouver East,Killarney,House,Freehold NonStrata,"2 Storey w/Bsmt.,Corner Unit"
885,6191 Boundary Road,1490000,6,3,5406,55,5957,Vancouver East,Killarney,House,Freehold NonStrata,2 Storey
886,2060 E 51st Avenue Avenue,1720000,4,4,4026,30,5714,Vancouver East,Killarney,House,Freehold NonStrata,2 Storey w/Bsmt.
887,2211 E 43rd Avenue,1790000,6,4,3703,10,3450,Vancouver East,Killarney,House,Freehold NonStrata,2 Storey
888,2155 E 51st Avenue,2180000,6,6,4026,7,435,Vancouver East,Killarney,House,Freehold NonStrata,3 Storey
893,3143 E 46th Avenue,1720000,4,4,3597,28,5433,Vancouver East,Killarney,House,Freehold NonStrata,2 Storey w/Bsmt.
894,5756 St. Margarets Street,1880000,6,3,4838,40,5000,Vancouver East,Killarney,House,Freehold NonStrata,2 Storey
895,6281 Knight Street,2450000,5,4,4945,56,5060,Vancouver East,Knight,House,Freehold NonStrata,2 Storey
896,6295 Knight Street,2450000,5,4,4945,56,6360,Vancouver East,Knight,House,Freehold NonStrata,2 Storey
897,4480 Knight Street,2398000,5,2,5426,72,5453,Vancouver East,Knight,House,Freehold NonStrata,2 Storey w/Bsmt.
898,1375 E 18th Avenue,1349000,5,3,3598,28,5057,Vancouver East,Knight,House,Freehold NonStrata,2 Storey w/Bsmt.
899,1389 E 18th Avenue,1349000,5,3,3598,28,0,Vancouver East,Knight,House,Freehold NonStrata,2 Storey w/Bsmt.
900,1326 E 36th Avenue,2398000,7,6,3642,2,289,Vancouver East,Knight,House,Freehold NonStrata,"Basement Entry,Laneway House"
907,6130 Fleming Street,1850000,7,4,4039,50,241,Vancouver East,Knight,House,Freehold NonStrata,2 Storey
908,3532 Knight Street,1350000,4,2,3468,72,6222,Vancouver East,Knight,House,Freehold NonStrata,2 Storey
910,4040 Inverness Street,1798000,5,3,3497,92,3403,Vancouver East,Knight,House,Freehold NonStrata,"1 1/2 Storey,Basement Entry"
911,3708 Dumfries Street,1599000,8,4,4026,90,5292,Vancouver East,Knight,House,Freehold NonStrata,2 Storey
913,5254 Sherbrooke Street,1775000,4,4,3234,18,4614,Vancouver East,Knight,House,Freehold NonStrata,3 Storey
914,3458 Knight Street,1800000,5,2,3469,68,4310,Vancouver East,Knight,House,Freehold NonStrata,"2 Storey,Split Entry"
915,3470 Knight Street,1800000,5,2,3469,73,5942,Vancouver East,Knight,House,Freehold NonStrata,Rancher/Bungalow w/Bsmt.
916,1333 E 41st Avenue,2388800,7,2,3201,66,5851,Vancouver East,Knight,House,Freehold NonStrata,2 Storey
917,4717 Lanark Street,1199888,6,6,3267,-1,5777,Vancouver East,Knight,House,Freehold NonStrata,2 Storey
918,4363 Dumfries Street,1788000,7,4,4640,55,5873,Vancouver East,Knight,House,Freehold NonStrata,2 Storey w/Bsmt.
919,1419 E 27th Avenue,2199000,2,0,5515,75,5737,Vancouver East,Knight,House,Freehold NonStrata,Rancher/Bungalow w/Bsmt.
920,1427 E 27th Avenue,2199000,2,0,5515,75,4447,Vancouver East,Knight,House,Freehold NonStrata,Rancher/Bungalow w/Bsmt.
921,5635 Lanark Street,1699000,6,4,4104,33,4447,Vancouver East,Knight,House,Freehold NonStrata,2 Storey
922,5330 Knight Street,1350000,2,2,3784,79,387,Vancouver East,Knight,House,Freehold NonStrata,2 Storey w/Bsmt.
923,5330 Knight Street,1350000,2,2,3784,79,269,Vancouver East,Knight,House,Freehold NonStrata,2 Storey w/Bsmt.
928,5877 Dumfries Street,1598000,5,4,4068,54,272,Vancouver East,Knight,House,Freehold NonStrata,2 Storey
936,3260 Quebec Street,2298000,4,4,5808,115,4242,Vancouver East,Main,House,Freehold NonStrata,"2 Storey,Carriage/Coach House"
937,266 E 21st Avenue,2298000,5,3,4036,108,7893,Vancouver East,Main,House,Freehold NonStrata,2 Storey w/Bsmt.
939,169 E 22 Avenue,2699900,6,4,3904,13,474,Vancouver East,Main,House,Freehold NonStrata,2 Storey w/Bsmt.
942,230 E 17th Avenue,2598000,5,3,4027,112,296,Vancouver East,Main,House,Freehold NonStrata,2 Storey w/Bsmt.
943,240 E 17th Avenue,2398000,5,4,4027,110,513,Vancouver East,Main,House,Freehold NonStrata,2 Storey w/Bsmt.
948,87 E 46th Avenue,1699000,8,5,4032,32,7735,Vancouver East,Main,House,Freehold NonStrata,2 Storey
949,150 E 46th Avenue,2368000,6,4,4032,11,5001,Vancouver East,Main,House,Freehold NonStrata,2 Storey
950,150 E 46th Avenue,2368000,6,4,4032,11,5597,Vancouver East,Main,House,Freehold NonStrata,2 Storey
951,4980 Walden Street,3280000,4,5,4026,0,344,Vancouver East,Main,House,Freehold NonStrata,2 Storey w/Bsmt.
952,4994 Main Street,2350000,4,2,3696,50,5354,Vancouver East,Main,House,Freehold NonStrata,2 Storey
954,381 E 34th Avenue,1599000,4,3,3494,75,5188,Vancouver East,Main,House,Freehold NonStrata,2 Storey w/Bsmt.
955,5670 Sophia Street,2900000,6,4,4125,32,7033,Vancouver East,Main,House,Freehold NonStrata,2 Storey
956,11 E King Edward Avenue,1649000,4,3,3300,44,7001,Vancouver East,Main,House,Freehold NonStrata,2 Storey
957,368 E 33rd Avenue,3860000,6,7,3325,8,410,Vancouver East,Main,House,Freehold NonStrata,3 Storey
958,4891 Walden Street,2699000,5,6,4224,13,6039,Vancouver East,Main,House,Freehold NonStrata,2 Storey w/Bsmt.
960,55 E 49th Avenue,2500000,7,3,4686,49,229,Vancouver East,Main,House,Freehold NonStrata,2 Storey
977,1206 E 11th Avenue,1898000,5,3,4125,34,348,Vancouver East,Mount Pleasant East,House,Freehold NonStrata,2 Storey
989,850 E 12th Avenue,1499000,6,4,4026,108,538,Vancouver East,Mount Pleasant East,House,Freehold NonStrata,2 Storey w/Bsmt.
1006,2180 Rupert Street,1499800,5,2,4026,66,5125,Vancouver East,Renfrew,House,Freehold NonStrata,Rancher/Bungalow w/Bsmt.
1007,531 Rupert Street,1449000,6,3,3960,53,515,Vancouver East,Renfrew,House,Freehold NonStrata,2 Storey
1008,2531 E 5th Avenue,1399900,4,2,4026,56,3082,Vancouver East,Renfrew,House,Freehold NonStrata,Basement Entry
1011,2646 E 4th Avenue,1580000,3,2,4026,73,5248,Vancouver East,Renfrew,House,Freehold NonStrata,Rancher/Bungalow w/Bsmt.
1012,3254 E 6th Avenue,2438800,9,8,4026,1,4743,Vancouver East,Renfrew,House,Freehold NonStrata,2 Storey w/Bsmt.
1013,2915 Parker Street,1668000,3,2,4724,74,6498,Vancouver East,Renfrew,House,Freehold NonStrata,2 Storey
1014,636 Cassiar Street,1325000,3,2,4026,106,4945,Vancouver East,Renfrew,House,Freehold NonStrata,2 Storey w/Bsmt.
1015,3466 E Pender Street,1998000,0,0,7673,102,5295,Vancouver East,Renfrew,House,Freehold NonStrata,2 Storey w/Bsmt.
1016,2438 Rupert Street,1999999,4,2,4026,66,5166,Vancouver East,Renfrew,House,Freehold NonStrata,2 Storey
1017,2416 Rupert Street,1999999,7,5,4026,73,5010,Vancouver East,Renfrew,House,Freehold NonStrata,2 Storey
1018,3306 E 8th Avenue,1999999,5,3,4026,40,293,Vancouver East,Renfrew,House,Freehold NonStrata,2 Storey
1019,2428 Rupert Street,1999999,5,2,4026,57,6083,Vancouver East,Renfrew,House,Freehold NonStrata,2 Storey
1021,3428 E 4th Avenue,1768000,6,4,4092,18,5595,Vancouver East,Renfrew,House,Freehold NonStrata,2 Storey w/Bsmt.
1022,2110 Renfrew Street,1349000,4,2,4026,79,5078,Vancouver East,Renfrew,House,Freehold NonStrata,"2 Storey,Rancher/Bungalow w/Bsmt."
1023,3405 E Pender Street,1980000,6,3,4026,27,5169,Vancouver East,Renfrew,House,Freehold NonStrata,2 Storey w/Bsmt.
1024,574 Nanaimo Street,2400000,4,3,4158,95,4173,Vancouver East,Renfrew,House,Freehold NonStrata,2 Storey w/Bsmt.
1025,2954 Charles Street,1599000,5,2,4255,53,4768,Vancouver East,Renfrew,House,Freehold NonStrata,2 Storey
1026,3088 E 6th Avenue,1899000,7,6,4026,30,5378,Vancouver East,Renfrew,House,Freehold NonStrata,2 Storey w/Bsmt.
1027,3658 Turner Street,1399000,5,2,3630,94,4568,Vancouver East,Renfrew,House,Freehold NonStrata,2 Storey
1028,2948 E 3rd Avenue,1550000,5,2,4092,79,425,Vancouver East,Renfrew,House,Freehold NonStrata,2 Storey
1036,3442 E 4th Avenue,2690000,7,6,8271,36,5105,Vancouver East,Renfrew,House,Freehold NonStrata,"2 Storey,Ground Level Unit"
1037,3446 William Street,1180000,5,2,3548,66,218,Vancouver East,Renfrew,House,Freehold NonStrata,2 Storey
1038,2939 Charles Street,1560000,4,3,3488,31,5722,Vancouver East,Renfrew,House,Freehold NonStrata,2 Storey
1040,3115 E Broadway Street,3000000,6,4,4952,54,5523,Vancouver East,Renfrew,House,Freehold NonStrata,2 Storey
1041,2579 E East Pender Street,1400000,4,2,4026,58,5963,Vancouver East,Renfrew,House,Freehold NonStrata,"2 Storey,Basement Entry"
1042,3326 E 2nd Avenue,1679000,6,3,4960,52,412,Vancouver East,Renfrew,House,Freehold NonStrata,2 Storey
1043,4306 Atlin Street,1699000,5,2,5040,94,5963,Vancouver East,Renfrew Heights,House,Freehold NonStrata,2 Storey w/Bsmt.
1045,4306 Atlin Street,1699000,5,2,5040,94,2448,Vancouver East,Renfrew Heights,House,Freehold NonStrata,2 Storey w/Bsmt.
1048,2942 Renfrew Street,1575000,6,3,3850,51,4698,Vancouver East,Renfrew Heights,House,Freehold NonStrata,2 Storey
1049,3015 E 14th Avenue,2899900,10,9,5687,1,4840,Vancouver East,Renfrew Heights,House,Freehold NonStrata,"2 Storey w/Bsmt.,Laneway House"
1050,3168 Renfrew Street,2700000,3,2,4016,72,5027,Vancouver East,Renfrew Heights,House,Freehold NonStrata,2 Storey
1051,3138 Renfrew Street,2600000,5,3,4015,46,4679,Vancouver East,Renfrew Heights,House,Freehold NonStrata,2 Storey
1052,3196 Renfrew Street,2600000,4,2,4015,76,4649,Vancouver East,Renfrew Heights,House,Freehold NonStrata,2 Storey
1053,3156 Renfrew Street,2599000,3,2,4015,60,5302,Vancouver East,Renfrew Heights,House,Freehold NonStrata,2 Storey
1054,3182 Renfrew Street,2600000,6,0,4015,61,5376,Vancouver East,Renfrew Heights,House,Freehold NonStrata,2 Storey
1055,2875 E 10th Avenue,2500000,5,3,4752,41,7019,Vancouver East,Renfrew Heights,House,Freehold NonStrata,2 Storey
1056,2869 E 10th Avenue,2500000,6,3,4752,41,5222,Vancouver East,Renfrew Heights,House,Freehold NonStrata,2 Storey
1057,3192 E 14th Avenue,2399000,7,7,3985,0,5845,Vancouver East,Renfrew Heights,House,Freehold NonStrata,"2 Storey w/Bsmt.,Laneway House"
1058,2883 Nanaimo Street,1599000,5,4,3406,23,5763,Vancouver East,Renfrew Heights,House,Freehold NonStrata,2 Storey
1059,3549 Anzio Drive,1788888,4,4,4510,27,5307,Vancouver East,Renfrew Heights,House,Freehold NonStrata,2 Storey w/Bsmt.
1060,2418 E 19th Avenue,1749999,8,5,436,11,5831,Vancouver East,Renfrew Heights,House,Freehold NonStrata,2 Storey
1061,3661 E 27th Avenue,1525000,4,3,3762,41,5963,Vancouver East,Renfrew Heights,House,Freehold NonStrata,2 Storey
1062,3125 Nootka Street,1888800,4,3,5257,54,5836,Vancouver East,Renfrew Heights,House,Freehold NonStrata,2 Storey
1063,4306 Atlin Street,1699000,5,2,5040,94,5614,Vancouver East,Renfrew Heights,House,Freehold NonStrata,2 Storey w/Bsmt.
1064,2816 E 16th Avenue,1788800,4,3,4619,65,5611,Vancouver East,Renfrew Heights,House,Freehold NonStrata,2 Storey w/Bsmt.
1065,2762 E 21st Avenue,1668000,4,4,3625,26,5901,Vancouver East,Renfrew Heights,House,Freehold NonStrata,2 Storey w/Bsmt.
1066,4465 Skeena Street,1698000,4,4,3696,27,5819,Vancouver East,Renfrew Heights,House,Freehold NonStrata,"2 Storey w/Bsmt.,Split Entry"
1067,2605 Kamloops Street,1899000,5,3,6400,52,628,Vancouver East,Renfrew Heights,House,Freehold NonStrata,2 Storey
1068,3230 Nanaimo Street,1899000,10,5,6411,73,402,Vancouver East,Renfrew Heights,House,Freehold NonStrata,2 Storey w/Bsmt.
1071,3144 E 22nd Avenue,2298000,9,7,3960,3,5781,Vancouver East,Renfrew Heights,House,Freehold NonStrata,"2 Storey w/Bsmt.,Laneway House"
1073,3862 Nanaimo Street,2700000,7,4,3900,15,5429,Vancouver East,Renfrew Heights,House,Freehold NonStrata,2 Storey
1074,2882 E Broadway,2888000,4,1,4779,65,0,Vancouver East,Renfrew Heights,House,Freehold NonStrata,2 Storey
1075,4475 Skeena Street,2288000,8,8,3696,0,417,Vancouver East,Renfrew Heights,House,Freehold NonStrata,2 Storey w/Bsmt.
1076,2938 E 25th Avenue,2798000,10,10,0,12,4671,Vancouver East,Renfrew Heights,House,Freehold NonStrata,"2 Storey w/Bsmt.,Laneway House"
1078,2843 E 20th Avenue,1589000,8,3,3629,95,5872,Vancouver East,Renfrew Heights,House,Freehold NonStrata,3 Storey
1079,2876 E Broadway,2888000,4,2,4779,73,5550,Vancouver East,Renfrew Heights,House,Freehold NonStrata,1 Storey
1080,2808 E Broadway,3000000,6,4,4779,9,5606,Vancouver East,Renfrew Heights,House,Freehold NonStrata,2 Storey
1081,2870 E Broadway,2888000,4,2,4779,74,4824,Vancouver East,Renfrew Heights,House,Freehold NonStrata,Rancher/Bungalow w/Bsmt.
1082,2838 E Broadway,2888000,4,2,4778,57,5818,Vancouver East,Renfrew Heights,House,Freehold NonStrata,Rancher/Bungalow w/Bsmt.
1083,7320 Inverness Street,1388000,5,2,3831,68,0,Vancouver East,South Vancouver,House,Freehold NonStrata,2 Storey w/Bsmt.
1084,1267 E 53rd Avenue,2480000,8,5,3696,3,3646,Vancouver East,South Vancouver,House,Freehold NonStrata,"2 Storey w/Bsmt.,Laneway House"
1087,7983 Prince Albert Street,2148000,8,6,3998,3,6193,Vancouver East,South Vancouver,House,Freehold NonStrata,"2 Storey w/Bsmt.,Loft/Warehouse Conv."
1088,420 E 56th Avenue,2288000,7,7,3500,0,5175,Vancouver East,South Vancouver,House,Freehold NonStrata,"2 Storey w/Bsmt.,Laneway House"
1089,1148 E 60th Avenue,1683880,6,4,3849,18,5480,Vancouver East,South Vancouver,House,Freehold NonStrata,2 Storey
1090,883 E 63rd Avenue,1580000,6,3,4263,43,5340,Vancouver East,South Vancouver,House,Freehold NonStrata,2 Storey
1091,1228 E 61st Avenue,1788000,6,5,3762,17,5351,Vancouver East,South Vancouver,House,Freehold NonStrata,2 Storey
1092,20 E 60th Avenue,1499000,4,2,3330,95,5615,Vancouver East,South Vancouver,House,Freehold NonStrata,Rancher/Bungalow w/Bsmt.
1093,6805 Sherbrooke Street,1648000,6,4,4020,58,5431,Vancouver East,South Vancouver,House,Freehold NonStrata,2 Storey
1094,179 E 64th Avenue,2388000,6,6,3812,8,6126,Vancouver East,South Vancouver,House,Freehold NonStrata,2 Storey w/Bsmt.
1095,952 E 63rd Avenue,1549999,6,3,4089,47,4863,Vancouver East,South Vancouver,House,Freehold NonStrata,"2 Storey,2 Storey w/Bsmt."
1096,66 E 56th Avenue,2388000,9,6,3640,3,0,Vancouver East,South Vancouver,House,Freehold NonStrata,"2 Storey w/Bsmt.,Laneway House"
1101,301 E 61st Avenue,1588888,5,5,3548,29,5972,Vancouver East,South Vancouver,House,Freehold NonStrata,2 Storey w/Bsmt.
1102,442 E 56th Avenue,2488000,7,8,3795,0,5964,Vancouver East,South Vancouver,House,Freehold NonStrata,2 Storey w/Bsmt.
1103,112 E 62nd Avenue,2398000,6,6,3809,5,5443,Vancouver East,South Vancouver,House,Freehold NonStrata,"2 Storey w/Bsmt.,Basement Entry"
1104,1348 E 61st Avenue,1698000,5,4,3795,23,6103,Vancouver East,South Vancouver,House,Freehold NonStrata,2 Storey
1106,1032 E 61st Avenue,1598888,4,5,4026,47,9285,Vancouver East,South Vancouver,House,Freehold NonStrata,2 Storey
1108,6653 Main Street,2900000,2,4,3850,61,4803,Vancouver East,South Vancouver,House,Freehold NonStrata,2 Storey
1110,6879 Fraser Street,2200000,5,1,3729,73,4803,Vancouver East,South Vancouver,House,Freehold NonStrata,Rancher/Bungalow w/Bsmt.
1111,6891 Fraser Street,2200000,4,2,3729,74,5839,Vancouver East,South Vancouver,House,Freehold NonStrata,Rancher/Bungalow w/Bsmt.
1112,6867 Fraser Street,2200000,5,1,3729,73,5322,Vancouver East,South Vancouver,House,Freehold NonStrata,"2 Storey,Rancher/Bungalow"
1113,135 E 62nd Avenue,1849900,6,4,3056,13,5997,Vancouver East,South Vancouver,House,Freehold NonStrata,3 Storey
1114,328 E 49th Avenue,1799888,5,3,3936,38,8157,Vancouver East,South Vancouver,House,Freehold NonStrata,"2 Storey,Basement Entry"
1115,626 E 62nd Avenue,1798000,6,4,4620,36,5111,Vancouver East,South Vancouver,House,Freehold NonStrata,2 Storey
1116,585 E 52nd Avenue,3200000,8,7,8852,31,5548,Vancouver East,South Vancouver,House,Freehold NonStrata,"2 Storey w/Bsmt.,Basement Entry"
1117,769 E 62nd Avenue,1598000,6,3,4026,52,6373,Vancouver East,South Vancouver,House,Freehold NonStrata,2 Storey
1118,7316 Culloden Street,1449000,6,5,4347,67,4497,Vancouver East,South Vancouver,House,Freehold NonStrata,2 Storey
1119,454 E 63rd Avenue,2000000,7,4,6478,45,429,Vancouver East,South Vancouver,House,Freehold NonStrata,2 Storey w/Bsmt.
1120,350 E 61st Avenue,1498888,4,4,3279,55,0,Vancouver East,South Vancouver,House,Freehold NonStrata,2 Storey
1126,2218 E 38th Avenue,1780000,7,3,5640,108,5553,Vancouver East,Victoria East,House,Freehold NonStrata,3 Storey
1127,4140 Gladstone Street,3288000,10,7,6994,0,450,Vancouver East,Victoria East,House,Freehold NonStrata,2 Storey w/Bsmt.
1128,1896 E 40th Avenue,1780000,6,6,4512,59,342,Vancouver East,Victoria East,House,Freehold NonStrata,2 Storey
1134,1635 E 21st Avenue,3199800,4,3,6039,97,761,Vancouver East,Victoria East,House,Freehold NonStrata,3 Storey
1138,1885 E 35th Avenue,2838000,10,8,4594,4,380,Vancouver East,Victoria East,House,Freehold NonStrata,"2 Storey w/Bsmt.,Laneway House"
1146,4665 Baldwin Street,1698000,5,2,4837,53,775,Vancouver East,Victoria East,House,Freehold NonStrata,2 Storey
